{
    "ID": "Cube",
    "position": {
        "x": 7.400000095367432,
        "y": 0.0,
        "z": 0.0
    },
    "Rotation": {
        "x": 0.6963642835617065,
        "y": -0.12278774380683899,
        "z": 0.12278774380683899,
        "w": 0.6963642835617065
    },
    "Scale": {
        "x": 2.0,
        "y": 1.0,
        "z": 1.0
    }
}